0000018.png;1
0000019.png;1
0000020.png;1
0000021.png;1
0000022.png;1
0000023.png;1
0000024.png;1
0000025.png;1
0000026.png;1
0000028.png;1
0000029.png;1
0000030.png;1
0000031.png;1
0000118.png;1
0000119.png;1
0000120.png;1
0000121.png;1
0000122.png;1
0000123.png;1
0000124.png;1
0000125.png;1
0000126.png;1
0000127.png;1
0000129.png;1
0000130.png;1
0000131.png;1
0000218.png;1
0000220.png;1
0000221.png;1
0000222.png;1
0000223.png;1
0000224.png;1
0000225.png;1
0000226.png;1
0000227.png;1
0000228.png;1
0000229.png;1
0000230.png;1
0000318.png;1
0000320.png;1
0000321.png;1
0000322.png;1
0000323.png;1
0000324.png;1
0000325.png;1
0000326.png;1
0000328.png;1
0000329.png;1
0000420.png;1
0000421.png;1
0000422.png;1
0000423.png;1
0000424.png;1
0000425.png;1
0000426.png;1
0000428.png;1
0000429.png;1
0000430.png;1
0000518.png;1
0000520.png;1
0000522.png;1
0000523.png;1
0000525.png;1
0000526.png;1
0000528.png;1
0000530.png;1
0000618.png;1
0000620.png;1
0000622.png;1
0000623.png;1
0000625.png;1
0000626.png;1
0000628.png;1
0000630.png;1
0000718.png;1
0000720.png;1
0000722.png;1
0000725.png;1
0000726.png;1
0000728.png;1
0000730.png;1
0000820.png;1
0000822.png;1
0000823.png;1
0000825.png;1
0000826.png;1
0000828.png;1
0000830.png;1
0000918.png;1
0000922.png;1
0000923.png;1
0000926.png;1
0000928.png;1
0000930.png;1
0001018.png;1
0001022.png;1
0001023.png;1
0001025.png;1
0001026.png;1
0001028.png;1
0001030.png;1
0001118.png;1
0001122.png;1
0001123.png;1
0001125.png;1
0001126.png;1
0001128.png;1
0001130.png;1
0001218.png;1
0001222.png;1
0001223.png;1
0001225.png;1
0001226.png;1
0001228.png;1
0001230.png;1
0001318.png;1
0001323.png;1
0001325.png;1
0001326.png;1
0001328.png;1
0001330.png;1
0001418.png;1
0001423.png;1
0001425.png;1
0001426.png;1
0001430.png;1
0001523.png;1
0001525.png;1
0001526.png;1
0001618.png;1
0001623.png;1
0001625.png;1
0001626.png;1
0001718.png;1
0001723.png;1
0001725.png;1
0001726.png;1
0001818.png;1
0001823.png;1
0001825.png;1
0001918.png;1
0001923.png;1
0001925.png;1
0002018.png;1
0002025.png;1
0002118.png;1
0002218.png;1
0002225.png;1
0002318.png;1
0002325.png;1
0002418.png;1
0002425.png;1
0002518.png;1
0002525.png;1
0002618.png;1
0002625.png;1
0002718.png;1
0002725.png;1
0002818.png;1
0002825.png;1
0002918.png;1
0003018.png;1
0003025.png;1
0003118.png;1
0003218.png;1
0003318.png;1
0003418.png;1
0003518.png;1
0003618.png;1
0003718.png;1
0000009.png;2
0000010.png;2
0000015.png;2
0000016.png;2
0000017.png;2
0000109.png;2
0000110.png;2
0000115.png;2
0000116.png;2
0000117.png;2
0000209.png;2
0000210.png;2
0000215.png;2
0000216.png;2
0000217.png;2
0000309.png;2
0000310.png;2
0000315.png;2
0000316.png;2
0000317.png;2
0000409.png;2
0000410.png;2
0000415.png;2
0000416.png;2
0000417.png;2
0000509.png;2
0000510.png;2
0000515.png;2
0000517.png;2
0000609.png;2
0000610.png;2
0000615.png;2
0000616.png;2
0000617.png;2
0000709.png;2
0000710.png;2
0000715.png;2
0000716.png;2
0000717.png;2
0000809.png;2
0000810.png;2
0000815.png;2
0000817.png;2
0000909.png;2
0000910.png;2
0000915.png;2
0000917.png;2
0001010.png;2
0001015.png;2
0001017.png;2
0001109.png;2
0001110.png;2
0001117.png;2
0001209.png;2
0001210.png;2
0001215.png;2
0001217.png;2
0001309.png;2
0001310.png;2
0001315.png;2
0001317.png;2
0001409.png;2
0001410.png;2
0001417.png;2
0001509.png;2
0001510.png;2
0001517.png;2
0001609.png;2
0001610.png;2
0001617.png;2
0001709.png;2
0001710.png;2
0001717.png;2
0001809.png;2
0001810.png;2
0001817.png;2
0001909.png;2
0001910.png;2
0002009.png;2
0002010.png;2
0002017.png;2
0002109.png;2
0002110.png;2
0002117.png;2
0002209.png;2
0002210.png;2
0002217.png;2
0002309.png;2
0002310.png;2
0002317.png;2
0002409.png;2
0002410.png;2
0002417.png;2
0002509.png;2
0002510.png;2
0002517.png;2
0002609.png;2
0002610.png;2
0002617.png;2
0002709.png;2
0002710.png;2
0002717.png;2
0002809.png;2
0002810.png;2
0002909.png;2
0002910.png;2
0003009.png;2
0003010.png;2
0003109.png;2
0003110.png;2
0003209.png;2
0003210.png;2
0003309.png;2
0003310.png;2
0003409.png;2
0003410.png;2
0003509.png;2
0003510.png;2
0003609.png;2
0003610.png;2
0003709.png;2
0003710.png;2
0003810.png;2
0003909.png;2
0004009.png;2
0004010.png;2
0004110.png;2
0004210.png;2
0004310.png;2
0004410.png;2
0004510.png;2
0004610.png;2
0004710.png;2
0004810.png;2
0004910.png;2
0005010.png;2
0005110.png;2
0005210.png;2
0005310.png;2
0005410.png;2
0005510.png;2
0005610.png;2
0005710.png;2
0005810.png;2
0005910.png;2
0006010.png;2
0006110.png;2
0006210.png;2
0006310.png;2
0006410.png;2
0006510.png;2
0006610.png;2
0006710.png;2
0006810.png;2
0007010.png;2
0007110.png;2
0007210.png;2
0007310.png;2
0007410.png;2
0007510.png;2
0007610.png;2
0007710.png;2
0007910.png;2
0000033.png;3
0000034.png;3
0000035.png;3
0000036.png;3
0000037.png;3
0000038.png;3
0000039.png;3
0000040.png;3
0000133.png;3
0000134.png;3
0000135.png;3
0000136.png;3
0000137.png;3
0000138.png;3
0000139.png;3
0000140.png;3
0000233.png;3
0000234.png;3
0000235.png;3
0000236.png;3
0000238.png;3
0000239.png;3
0000240.png;3
0000333.png;3
0000334.png;3
0000335.png;3
0000336.png;3
0000338.png;3
0000339.png;3
0000340.png;3
0000433.png;3
0000434.png;3
0000435.png;3
0000436.png;3
0000438.png;3
0000439.png;3
0000440.png;3
0000533.png;3
0000534.png;3
0000535.png;3
0000536.png;3
0000538.png;3
0000539.png;3
0000540.png;3
0000633.png;3
0000634.png;3
0000635.png;3
0000636.png;3
0000638.png;3
0000640.png;3
0000733.png;3
0000734.png;3
0000735.png;3
0000736.png;3
0000738.png;3
0000740.png;3
0000833.png;3
0000834.png;3
0000835.png;3
0000836.png;3
0000838.png;3
0000840.png;3
0000933.png;3
0000934.png;3
0000935.png;3
0000938.png;3
0001033.png;3
0001034.png;3
0001038.png;3
0001133.png;3
0001135.png;3
0001138.png;3
0001233.png;3
0001235.png;3
0001333.png;3
0001335.png;3
0001338.png;3
0001435.png;3
0001438.png;3
0001533.png;3
0001535.png;3
0001538.png;3
0001635.png;3
0001638.png;3
0001738.png;3
0001835.png;3
0001838.png;3
0001938.png;3
0002038.png;3
0002138.png;3
0002238.png;3
0002338.png;3
0002438.png;3
0002538.png;3
0002638.png;3
0002738.png;3
0002838.png;3
0002938.png;3
0003038.png;3
0003138.png;3
0003238.png;3
0003338.png;3
0003438.png;3
0003538.png;3
0003638.png;3
0003738.png;3
0003838.png;3
0003938.png;3
0004038.png;3
0004138.png;3
0004238.png;3
0004338.png;3
0004438.png;3
0004538.png;3
0004638.png;3
0004738.png;3
0004838.png;3
0004938.png;3
0005038.png;3
0005138.png;3
0005238.png;3
0005338.png;3
0005438.png;3
0005538.png;3
0005638.png;3
0005738.png;3
0005838.png;3
0005938.png;3
0006038.png;3
0006138.png;3
0006238.png;3
0006338.png;3
0006438.png;3
0006538.png;3
0006638.png;3
0006738.png;3
0006938.png;3
0007038.png;3
0007138.png;3
0007338.png;3
0007438.png;3
0007538.png;3
0007638.png;3
0007738.png;3
0007838.png;3
0007938.png;3
0008038.png;3
0008138.png;3
0008338.png;3
0008538.png;3
0008638.png;3
0008738.png;3
0000011.png;4
0000012.png;4
0000013.png;4
0000014.png;4
0000112.png;4
0000113.png;4
0000114.png;4
0000211.png;4
0000212.png;4
0000213.png;4
0000214.png;4
0000311.png;4
0000312.png;4
0000313.png;4
0000314.png;4
0000411.png;4
0000412.png;4
0000413.png;4
0000414.png;4
0000511.png;4
0000512.png;4
0000513.png;4
0000514.png;4
0000611.png;4
0000612.png;4
0000613.png;4
0000614.png;4
0000711.png;4
0000712.png;4
0000713.png;4
0000714.png;4
0000811.png;4
0000812.png;4
0000813.png;4
0000814.png;4
0000911.png;4
0000912.png;4
0000913.png;4
0000914.png;4
0001011.png;4
0001012.png;4
0001013.png;4
0001014.png;4
0001111.png;4
0001112.png;4
0001113.png;4
0001211.png;4
0001212.png;4
0001213.png;4
0001214.png;4
0001311.png;4
0001313.png;4
0001411.png;4
0001412.png;4
0001413.png;4
0001414.png;4
0001513.png;4
0001514.png;4
0001612.png;4
0001613.png;4
0001614.png;4
0001711.png;4
0001712.png;4
0001713.png;4
0001714.png;4
0001812.png;4
0001813.png;4
0001814.png;4
0001911.png;4
0001912.png;4
0001913.png;4
0001914.png;4
0002011.png;4
0002012.png;4
0002013.png;4
0002014.png;4
0002111.png;4
0002112.png;4
0002113.png;4
0002114.png;4
0002211.png;4
0002212.png;4
0002213.png;4
0002214.png;4
0002311.png;4
0002312.png;4
0002313.png;4
0002314.png;4
0002411.png;4
0002412.png;4
0002413.png;4
0002414.png;4
0002511.png;4
0002512.png;4
0002513.png;4
0002514.png;4
0002612.png;4
0002613.png;4
0002614.png;4
0002712.png;4
0002713.png;4
0002714.png;4
0002811.png;4
0002812.png;4
0002813.png;4
0002814.png;4
0002911.png;4
0002912.png;4
0002913.png;4
0002914.png;4
0003011.png;4
0003012.png;4
0003013.png;4
0003014.png;4
0003111.png;4
0003112.png;4
0003113.png;4
0003114.png;4
0003211.png;4
0003212.png;4
0003213.png;4
0003311.png;4
0003312.png;4
0003313.png;4
0003411.png;4
0003412.png;4
0003413.png;4
0003511.png;4
0003512.png;4
0003513.png;4
0003611.png;4
0003612.png;4
0003613.png;4
0003711.png;4
0003712.png;4
0003713.png;4
0003812.png;4
0003813.png;4
0003912.png;4
0003913.png;4
0004012.png;4
0004013.png;4
0004112.png;4
0004113.png;4
0004212.png;4
0004213.png;4
0004312.png;4
0004313.png;4
0004412.png;4
0004413.png;4
0004512.png;4
0004513.png;4
0004612.png;4
0004613.png;4
0004712.png;4
0004713.png;4
0004812.png;4
0004813.png;4
0004912.png;4
0004913.png;4
0005012.png;4
0005013.png;4
0005112.png;4
0005113.png;4
0005212.png;4
0005213.png;4
0005312.png;4
0005313.png;4
0005412.png;4
0005413.png;4
0005512.png;4
0005513.png;4
0005612.png;4
0005613.png;4
0005712.png;4
0005713.png;4
0005812.png;4
0005813.png;4
0005912.png;4
0005913.png;4
0006012.png;4
0006013.png;4
0006112.png;4
0006113.png;4
0006212.png;4
0006213.png;4
0006312.png;4
0006313.png;4
0006412.png;4
0006413.png;4
0006512.png;4
0006513.png;4
0006612.png;4
0006613.png;4
0006712.png;4
0006713.png;4
0006812.png;4
0006813.png;4
0006912.png;4
0006913.png;4
0007012.png;4
0007013.png;4
0007112.png;4
0007113.png;4
0007212.png;4
0007213.png;4
0007312.png;4
0007313.png;4
0007412.png;4
0007413.png;4
0007512.png;4
0007513.png;4
0007612.png;4
0007613.png;4
0007712.png;4
0007713.png;4
0007812.png;4
0007912.png;4
0007913.png;4
0008012.png;4
0008013.png;4
0008112.png;4
0008113.png;4
0008212.png;4
0008312.png;4
0008412.png;4
0000000.png;5
0000001.png;5
0000002.png;5
0000003.png;5
0000004.png;5
0000005.png;5
0000007.png;5
0000008.png;5
0000009.png;5
0000100.png;5
0000101.png;5
0000102.png;5
0000103.png;5
0000104.png;5
0000105.png;5
0000107.png;5
0000108.png;5
0000200.png;5
0000201.png;5
0000202.png;5
0000203.png;5
0000204.png;5
0000205.png;5
0000207.png;5
0000208.png;5
0000300.png;5
0000301.png;5
0000302.png;5
0000303.png;5
0000304.png;5
0000305.png;5
0000307.png;5
0000308.png;5
0000401.png;5
0000402.png;5
0000403.png;5
0000404.png;5
0000405.png;5
0000407.png;5
0000408.png;5
0000501.png;5
0000502.png;5
0000503.png;5
0000504.png;5
0000505.png;5
0000507.png;5
0000508.png;5
0000509.png;5
0000601.png;5
0000603.png;5
0000604.png;5
0000605.png;5
0000607.png;5
0000608.png;5
0000701.png;5
0000702.png;5
0000703.png;5
0000704.png;5
0000705.png;5
0000707.png;5
0000708.png;5
0000801.png;5
0000802.png;5
0000803.png;5
0000804.png;5
0000805.png;5
0000807.png;5
0000808.png;5
0000901.png;5
0000902.png;5
0000903.png;5
0000904.png;5
0000905.png;5
0000907.png;5
0000908.png;5
0001001.png;5
0001002.png;5
0001003.png;5
0001004.png;5
0001005.png;5
0001007.png;5
0001008.png;5
0001101.png;5
0001102.png;5
0001103.png;5
0001104.png;5
0001105.png;5
0001107.png;5
0001108.png;5
0001109.png;5
0001201.png;5
0001202.png;5
0001203.png;5
0001204.png;5
0001205.png;5
0001207.png;5
0001208.png;5
0001301.png;5
0001302.png;5
0001303.png;5
0001304.png;5
0001305.png;5
0001307.png;5
0001308.png;5
0001401.png;5
0001402.png;5
0001403.png;5
0001404.png;5
0001405.png;5
0001407.png;5
0001408.png;5
0001501.png;5
0001502.png;5
0001503.png;5
0001504.png;5
0001505.png;5
0001507.png;5
0001508.png;5
0001509.png;5
0001601.png;5
0001602.png;5
0001603.png;5
0001604.png;5
0001605.png;5
0001607.png;5
0001608.png;5
0001701.png;5
0001702.png;5
0001703.png;5
0001704.png;5
0001705.png;5
0001707.png;5
0001708.png;5
0001801.png;5
0001802.png;5
0001803.png;5
0001804.png;5
0001805.png;5
0001807.png;5
0001808.png;5
0001901.png;5
0001902.png;5
0001904.png;5
0001905.png;5
0001907.png;5
0001908.png;5
0002001.png;5
0002003.png;5
0002004.png;5
0002005.png;5
0002007.png;5
0002101.png;5
0002102.png;5
0002103.png;5
0002104.png;5
0002105.png;5
0002107.png;5
0002108.png;5
0002201.png;5
0002202.png;5
0002203.png;5
0002204.png;5
0002205.png;5
0002207.png;5
0002208.png;5
0002301.png;5
0002302.png;5
0002303.png;5
0002304.png;5
0002305.png;5
0002307.png;5
0002308.png;5
0002401.png;5
0002402.png;5
0002403.png;5
0002404.png;5
0002405.png;5
0002407.png;5
0002408.png;5
0002501.png;5
0002502.png;5
0002503.png;5
0002504.png;5
0002505.png;5
0002507.png;5
0002508.png;5
0002601.png;5
0002602.png;5
0002603.png;5
0002604.png;5
0002605.png;5
0002607.png;5
0002608.png;5
0002701.png;5
0002702.png;5
0002703.png;5
0002704.png;5
0002705.png;5
0002707.png;5
0002708.png;5
0002801.png;5
0002802.png;5
0002803.png;5
0002804.png;5
0002805.png;5
0002807.png;5
0002808.png;5
0002901.png;5
0002902.png;5
0002903.png;5
0002904.png;5
0002905.png;5
0002907.png;5
0002908.png;5
0003001.png;5
0003002.png;5
0003004.png;5
0003005.png;5
0003007.png;5
0003008.png;5
0003101.png;5
0003102.png;5
0003104.png;5
0003105.png;5
0003107.png;5
0003108.png;5
0003202.png;5
0003204.png;5
0003205.png;5
0003207.png;5
0003208.png;5
0003301.png;5
0003302.png;5
0003304.png;5
0003305.png;5
0003307.png;5
0003308.png;5
0003401.png;5
0003402.png;5
0003404.png;5
0003405.png;5
0003407.png;5
0003408.png;5
0003501.png;5
0003502.png;5
0003504.png;5
0003505.png;5
0003507.png;5
0003508.png;5
0003601.png;5
0003602.png;5
0003605.png;5
0003607.png;5
0003608.png;5
0003701.png;5
0003702.png;5
0003704.png;5
0003705.png;5
0003707.png;5
0003708.png;5
0003801.png;5
0003802.png;5
0003804.png;5
0003805.png;5
0003807.png;5
0003808.png;5
0003901.png;5
0003902.png;5
0003904.png;5
0003905.png;5
0003907.png;5
0003908.png;5
0004001.png;5
0004002.png;5
0004004.png;5
0004005.png;5
0004101.png;5
0004102.png;5
0004108.png;5
0004201.png;5
0004202.png;5
0004204.png;5
0004205.png;5
0004208.png;5
0004301.png;5
0004302.png;5
0004304.png;5
0004305.png;5
0004308.png;5
0004401.png;5
0004402.png;5
0004404.png;5
0004405.png;5
0004408.png;5
0004501.png;5
0004502.png;5
0004504.png;5
0004505.png;5
0004508.png;5
0004601.png;5
0004602.png;5
0004604.png;5
0004605.png;5
0004608.png;5
0004701.png;5
0004702.png;5
0004704.png;5
0004705.png;5
0004708.png;5
0004801.png;5
0004802.png;5
0004804.png;5
0004805.png;5
0004808.png;5
0004901.png;5
0004902.png;5
0004904.png;5
0004905.png;5
0004908.png;5
0005001.png;5
0005002.png;5
0005004.png;5
0005005.png;5
0005008.png;5
0005101.png;5
0005102.png;5
0005104.png;5
0005105.png;5
0005108.png;5
0005201.png;5
0005202.png;5
0005204.png;5
0005205.png;5
0005208.png;5
0005302.png;5
0005304.png;5
0005308.png;5
0005401.png;5
0005402.png;5
0005404.png;5
0005408.png;5
0005501.png;5
0005502.png;5
0005504.png;5
0005508.png;5
0005601.png;5
0005602.png;5
0005604.png;5
0005608.png;5
0005701.png;5
0005702.png;5
0005704.png;5
0005801.png;5
0005802.png;5
0005804.png;5
0005901.png;5
0005902.png;5
0005904.png;5
0006001.png;5
0006002.png;5
0006004.png;5
0006101.png;5
0006102.png;5
0006104.png;5
0006201.png;5
0006202.png;5
0006204.png;5
0006301.png;5
0006302.png;5
0006304.png;5
0006401.png;5
0006402.png;5
0006404.png;5
0006501.png;5
0006502.png;5
0006504.png;5
0006601.png;5
0006602.png;5
0006604.png;5
0006701.png;5
0006702.png;5
0006704.png;5
0006801.png;5
0006802.png;5
0006901.png;5
0006902.png;5
0007001.png;5
0007002.png;5
0007101.png;5
0007102.png;5
0007201.png;5
0007202.png;5
0007301.png;5
0007302.png;5
0007401.png;5
0007402.png;5
0007501.png;5
0007502.png;5
0007601.png;5
0007602.png;5
0007701.png;5
0007702.png;5
0007801.png;5
0007802.png;5
0007902.png;5
0008002.png;5
